client_id	path	sentence_id	sentence	sentence_domain	up_votes	down_votes	age	gender	accents	variant	locale	segment
0e0501c09d84645ee7418e6bebbb87d59030031307c156e58c08f4ac5c00863e92c0b86f081386ae11eedea11cd0832ee23f7e50285fac52d39c09ed7851fd6d	common_voice_en_41047776.mp3	f05b13340f4242fbc3911588673c38d8d065cde77b605d63e85d3dcdf4931e02	The new division adopted the Lazarus nameplate, while assuming Shillito's Rike's headquarters in Cincinnati.		2	0			United States English		en	
134c70ef63c6d0b17ddbae435da077843802a711bb510ba337bd82c74a4dc670593e9f2fb56e416ae06ddce28e49267faa7298834a9749996a6cf32f7db54b15	common_voice_en_41074651.mp3	f084aae0f1294fc56cf64aa06b48f27952a79e3b5aa7a6de6de4a388fd4cd6e2	He was subsequently assigned to minor posts in Jerusalem, Rome, Cambridge and Strasbourg.		3	0	thirties	non-binary	United States English,Maine		en	
2ca636c915df1f93af996708934a5ea7eb437dfded2301d66d6d1089b66fbb8779667bce42e9eb39bb4d2dfcb55f826da13504bb7b5021d5fc44496a6fa99e57	common_voice_en_40884000.mp3	ee7ea141b3eb4ddfabc311da0550e6abd2f2e6457ae2a11a2f2b19cd3cdbed63	The phrase originated in a comic strip of the same name.		2	0					en	
2e91e4bf7389040b3e898a756f0155ebde7eb41ea68470287c44da0dafb57fb592cf31fa7ac756b0f62ae48f58843ec80eb4a02c9db354520da242467b37f043	common_voice_en_41120986.mp3	f0ecf52a133a6f48f1a9bf503d995db0cf36139c11513cc804026f3d33e3f76d	Gibson went on to manage the Department of Recreation in East Orange, New Jersey.		2	0	twenties		India and South Asia (India, Pakistan, Sri Lanka)		en	
38a6ab913e27c72c3f28f3d2da65caa00933288bfaaa24633ad7168676bf34a4bdf59bba015f1be078031901c2a05ed997cd106fc7bb6ffe0cead3f59ca77415	common_voice_en_40983032.mp3	efe4e03f95b62047b25b5cadab7793fd1e517ea9fbac73a6dd2a1e25be56a1ff	On Sundays, four trains run each way, to Carlisle and Whitehaven only.		2	0	twenties		India and South Asia (India, Pakistan, Sri Lanka)		en	
3a7e562f91be204271351929b01fc4358096dc524cb7b94c3e848d0f580d04cdb65e4e1691df2a2a2e6b76be7ff8397fc60ae66e0595b62eb6f9eb9f2c9c56d3	common_voice_en_40869109.mp3	ee8ca1eb707ac794543eff0b85e3a10d3e1cf3f8086eb678754cb3a926bad7c0	There is a police station on the main road.		4	0	twenties	female_feminine	United States English		en	
4a6e2c9440a3cbf052046ab6f09a6d2681789f4cdc2175e82366cf8066a96926ffa1124c5958158085655f0998e5d41b077eb0ec826379882216871ba7af51b3	common_voice_en_40973113.mp3	efd9ad56708db4a0853af786a6c4676f87de50a96e85b3ea70ef74d5c132ec2c	Each pattern is available in two variations, labelled "A" and "B".		2	0			European		en	
771bb09f65a789b82c4f187fca85ba0bb0e63b727878deef5de3034f022847d1e64f8d6a7b081cb9c8b81876c889ec10a1c16e591bf316a8468e6026d582718b	common_voice_en_41129568.mp3	f10be134a92f57ee00d7a3bbd8df430463eebbe4e928aff1b94d264202968abf	In other respects, however, they have primitive features, closer to nonruminants such as pigs.		4	0			England English,southern english,sussex		en	
a1171d4eaeafcfdee8c758688d077e5868af67fc27bcca841babf60e904e642fb27210f6d419af6da82f861e473c0a4c994fa6dd7eb01f6eaf08a22603538514	common_voice_en_40904381.mp3	eebac75be1720f69c19f548738860ab93da83bf9bfe9d45e00a0a51240153404	The most radical change to the Vantage, however, was inside the engine compartment.		3	0			United States English,United Kingdom English,Australian English		en	
b40d204e87197801c711a954cf85bc317480f045e9f1c55ab0173d9a1d685a7575dfff923f25de0103b4b36529ef91e5d9b2f6d3fa40db6374cc2c76fd858ecd	common_voice_en_40901825.mp3	eeaa4194b21e04fa17ab8b9d78ca4e22438cd4074d1dc7ada276067df1ba8499	Fort Stockton and Pecos County are part of the Midland College service area.		2	0			United States English,Russian English Accent		en	
b895602d9eae132fe68b85ff4a1af9d377f0f324686c2539e2509c605d14fade8eb0c7ea8dc329977345eb4bfd4f1e9e49770098c2f18696829c6d8aefa69633	common_voice_en_41069015.mp3	f07b5c4c8d545f5d76281f14b1dbad58e73f637ca1d6ad3b8b17a68ddcff93d7	The historicity of Samyogita is a matter of debate.		2	0	twenties		United States English		en	
bc6c841bc7cbdbef62370b140888fa775714a455ad4977e64f69b2c633d8f666576ee2e736380c7662ab8ca221b3dc413f5fd00e7cb2ac2f117c0c30c8a7a6fc	common_voice_en_41083130.mp3	f07647cfa3bcf3501e69f992e214ae51bd3e416be76da175eb38bfb84e663206	In some cases, Kansai dialect uses entirely different words.		2	0	twenties	non-binary	United States English		en	
bd91d5310e51865f92a086b0c90d669b4a1217c2f6010fa292222d52e7903dd40693ad3124eaabfa26cb3d7781a4f9bb5e90b4e5e2d929faf0a81eceb4ea35aa	common_voice_en_40921784.mp3	ef1a8d9218a0f1ab7c06ebcfe7b61f3c1a20d04fd7844e90be581e6377bda173	A common theme Women's Studies students engage with is Power and Power Imbalance.		2	0	fourties	non-binary	United States English		en	
d749f6b63a8df699930fb8cba1e42d7f9b978ece0d3e32779a91e6926e7f54fb386ee6840b1cf3e0e263a2cee56dff31336684cf70f8c28e34b6bd4c27517726	common_voice_en_40957157.mp3	ef9b9dbe9dce47114287bee5ae603c712f65b08dc00551dea052eb175f067815	The Committee will holds exhibitions and seminars about Hong Kong sports.		2	0			United States English		en	
df3e6b087d6034af3137aac1bcc45c4192e6c676348dff1c0457cfdf634adaceed5d5f9cff653bfbdc360e103ad27595890025cf6a40f608dd3dd8ed5e7af35d	common_voice_en_40943950.mp3	ef56865fa3d7cefc0f2290ad81388f07cc71d4e8ced29f9ec61a43f74912603b	Eating muesli for breakfast can make me feel to sugary.		3	0	twenties	non-binary	Russian,England English		en	
eaf038400e68206ee0d518ddc6b77b6416f8016a054663eea8cce61532673e702916060d96044e78ed6fa1a4a5652b8439c4c9478f34ebddce455b76f462ee9b	common_voice_en_41039328.mp3	f039a87144989648711cad790333a23e9a871004a5a38ecbe5ddd569f5daa731	He was also the younger half-brother of Emperor Sunjong and Prince Imperial Ui.		2	0	twenties		United States English		en	
058fe5b1170aa09ef3f1092b179384639bc46ac53c16753f3305b3242579ec99a0edf459e177cc415fd00be4f34f08a99cf670b90077a0622f5c4a71423f7eea	common_voice_en_40953263.mp3	ef7d3c34147f1c5a00e31cd999a0d0a84ceeb7739d8957efab36fedf4c5e2eee	Switzerland has qualified a single athlete in modern pentathlon.		3	0	fifties	female_feminine	United States English,Washington State		en	
058fe5b1170aa09ef3f1092b179384639bc46ac53c16753f3305b3242579ec99a0edf459e177cc415fd00be4f34f08a99cf670b90077a0622f5c4a71423f7eea	common_voice_en_40953264.mp3	ef7d69e22a866a46a16f0b90ddd54922ac207a2537ebb5522bae1f592e05a148	He was the son of Cherubino Bartoli.		3	0	fifties	female_feminine	United States English,Washington State		en	
06bb1a6776e54b2c25bf2f9845944ded2dc44150aeb2a4c7b1b50e28174ae554f31f05f5c928d9e51fc625dcaf0b64e8ae35176d8f137d5e98486958187260c7	common_voice_en_40930553.mp3	ef12a3f2118f9a60368cc6eaffe5f0a07f88918175b48526ecccde8b9dbff2d4	The Mosque Cares is based in the Chicago metropolitan area.		4	0			New Zealand English,England English		en	
06bb1a6776e54b2c25bf2f9845944ded2dc44150aeb2a4c7b1b50e28174ae554f31f05f5c928d9e51fc625dcaf0b64e8ae35176d8f137d5e98486958187260c7	common_voice_en_40930569.mp3	ef28246bc3540379ca72d28b83d679adf0ed4986393e1ac0005c318895d41a19	The avenue finishes off close to the Great Hall of the People.		2	0			New Zealand English,England English		en	
29b8505586cd43382cd695da6b943f401104be710a5b60e814ac5fe7e06b39459cf8fe1701ca83f8154b3ccd749df7c2aef33ff23950bb1a135b1e1c393dbcf6	common_voice_en_40917961.mp3	eed75185fd41c53dad1796185f54719dd52377e960be22cd747ef9a82034d7f3	The main type of crops grown are potatoes, carrots, and onions.		2	0	fourties	female_feminine	Scottish English		en	
29b8505586cd43382cd695da6b943f401104be710a5b60e814ac5fe7e06b39459cf8fe1701ca83f8154b3ccd749df7c2aef33ff23950bb1a135b1e1c393dbcf6	common_voice_en_40929013.mp3	ef246e273a7bad578bd652a47a1338fd709721138610fde5d7cbd27e591a1889	The park covers an area with four small islands surrounded by coral reef.		2	0	fourties	female_feminine	Scottish English		en	
54f328a9da0885956bdcc08460855ed69cab036c7fa4b6bc926741b1452cee4ce5b8b47bf4b1ea33e269e395b7caa3a2d09551d1d2e5ee5d095662165116b9e1	common_voice_en_40976031.mp3	efe6af1f457cb19bdeb21e918b77ee1d09aaf534d2e2750a27d89aac1cc01ba7	The "Nightshade" soundtrack is based upon the Japanese techno of the previous iteration, "Shinobi".		2	0	thirties		Filipino		en	
54f328a9da0885956bdcc08460855ed69cab036c7fa4b6bc926741b1452cee4ce5b8b47bf4b1ea33e269e395b7caa3a2d09551d1d2e5ee5d095662165116b9e1	common_voice_en_40976084.mp3	efd423fbf8afc95188309b7a678a5d5d2ab5f63d1eb45603275d21dccb3768b6	It is the location of The Johnstown Galleria, the largest mall in the area.		2	0	thirties		Filipino		en	
9846d81dbab6d20fe6c0be76d1bcea03ac9ede75c994b4baf2366d302656ad2971d1b816ac1c4b49cc4b75b635c2ed49434779a4c4705e77e460acd2f4dad9e4	common_voice_en_41034621.mp3	f048f70e7e843e1639e239757769dc0cb61a7812e2c3c67a4a4a0eace45dd06d	Since then there have been hundreds of magazines published in Esperanto.		2	0	twenties		United States English		en	
9846d81dbab6d20fe6c0be76d1bcea03ac9ede75c994b4baf2366d302656ad2971d1b816ac1c4b49cc4b75b635c2ed49434779a4c4705e77e460acd2f4dad9e4	common_voice_en_41034673.mp3	f039f5aa275327bdc89c621c03383f0ee6914ab291853230f2c370452c060380	A hat they talk to 'em, you know.		2	0	twenties		United States English		en	
a97730f86fa90560ae105669364412a9ad393b32839d0151236604af188212aab60bf5168a7975fdd0a448dd3131543f5c0032e737a7164b41e9d9d85ffd6660	common_voice_en_40920578.mp3	ef0f00683ae37e80caae2bddb444f9ce86233e0bba499f6b508df9ebc55b28cd	Chlorogenic acid is freely soluble in ethanol and acetone.		2	0	sixties	male_masculine	Filipino		en	
a97730f86fa90560ae105669364412a9ad393b32839d0151236604af188212aab60bf5168a7975fdd0a448dd3131543f5c0032e737a7164b41e9d9d85ffd6660	common_voice_en_40963465.mp3	efb698f21d76d24218ca68ac7591e06f40f82db0aff4dbf0031226edb7dfb9cf	His writings during this period are considered contradictory.		2	0	sixties	male_masculine	Filipino		en	
c5e33bb12be9d9828bb3605f35df1bd13bce1e308551a54d9bbd601c5ea274146e6f221c7f5a3138ce574c826c4ac7fbe20656c23a43d2d0354641c0cb35aa17	common_voice_en_41090495.mp3	f0b610c80b0a585bd4a3e1cd173408147d51c956365c9bae56c9ff5ea1724559	Noting that they shared a family name, they began talking.		2	0	teens	female_feminine	United States English		en	
c5e33bb12be9d9828bb3605f35df1bd13bce1e308551a54d9bbd601c5ea274146e6f221c7f5a3138ce574c826c4ac7fbe20656c23a43d2d0354641c0cb35aa17	common_voice_en_41090553.mp3	f0bdff56b9cf84e2c789251881bf459f3b625ea3532510158f8a8d71934c65cd	It is a standard in the bluegrass repertoire.		2	0	teens	female_feminine	United States English		en	
d1f346dfd092f2c179995f3e828f816e256570f5e97b2c0e2e65a0ec81847867f34b8ac955ab10b1b50569f880871a8ba07a637f6e277266c9e16af45d16a1af	common_voice_en_40885404.mp3	ee9fe651887c6ecd144539af68c692701108d04e74dd8fb74d5eda15b6aee416	Most children who attend the primary school then go on to attend Ellesmere College.		2	0	teens		United States English		en	
d1f346dfd092f2c179995f3e828f816e256570f5e97b2c0e2e65a0ec81847867f34b8ac955ab10b1b50569f880871a8ba07a637f6e277266c9e16af45d16a1af	common_voice_en_40885407.mp3	eea7fcce1fd139eb7377acf22970da42f5d3ed7a961f6720aeb3fdd1f16b50ee	Sanders permanently lost the Commissioner position back to Miller.		2	0	teens		United States English		en	
757beaeb3dcab1faa1135fbbebc9a4315e7a569f749fbe21a8816905a981bec0b5aa2fe402d60d902cbc2fcaadbd204e02d7a72d388b389e9d7ff3b170f879e1	common_voice_en_40916144.mp3	eef6cdad0f0ef6734c5b11fa6eca128c0b434705745bebbea1a6c32e95a6c2f7	The "Amherst Suite" also features the serpent.		2	0			Northern Irish		en	
757beaeb3dcab1faa1135fbbebc9a4315e7a569f749fbe21a8816905a981bec0b5aa2fe402d60d902cbc2fcaadbd204e02d7a72d388b389e9d7ff3b170f879e1	common_voice_en_40934484.mp3	ef413eb2dbbd3206b9e7d9b801ead87a5deb11bffdd239870cbce6fd1b5370de	This dance provides protection to the people.		2	0			Northern Irish		en	
757beaeb3dcab1faa1135fbbebc9a4315e7a569f749fbe21a8816905a981bec0b5aa2fe402d60d902cbc2fcaadbd204e02d7a72d388b389e9d7ff3b170f879e1	common_voice_en_40991180.mp3	efee94332076c6bff51b63ec9f44750c199bbf07a3011fd95ddcd0f6233ce0bb	Services from the north had previously terminated at nearby Liverpool Exchange terminus station.		2	0			Northern Irish		en	
79c419420d5775e65ac88fe0ded69984288bb205d8deb9d50c713b5263322d572b4c9d320c1e764861dc0b61c2583a581edfa95bf19e37bb8c8b7c2812f15350	common_voice_en_40969969.mp3	efbf3fb0731ea42e46f14bc46c8bc519d79f8ac32f9df22a682c51e33ef5a725	Murray was a staunch liberal and aggressive supporter of the New Deal Coalition.		2	0	twenties	female_feminine	England English		en	
79c419420d5775e65ac88fe0ded69984288bb205d8deb9d50c713b5263322d572b4c9d320c1e764861dc0b61c2583a581edfa95bf19e37bb8c8b7c2812f15350	common_voice_en_40969995.mp3	efd1bf75da7228b7ecae6726902c7eedd3459696e736be334f28468f6cc6dbf1	Trust in interpersonal relationships is argued to build an optimistic explanatory style.		2	0	twenties	female_feminine	England English		en	
79c419420d5775e65ac88fe0ded69984288bb205d8deb9d50c713b5263322d572b4c9d320c1e764861dc0b61c2583a581edfa95bf19e37bb8c8b7c2812f15350	common_voice_en_40970053.mp3	efc1541dffd6fd08b140a00cc94207859a64b8d37d806f7c4b26ca60216f1f6a	Elias is the Greek equivalent.		2	0	twenties	female_feminine	England English		en	
cce69cb31174d70a2529f0c594e66d78868a1ef0fb5f451cb4e477dcb61d49b7f193f65e5a8c2a2635ec92add001b053835be1d1a9dad7e74b4c8f58fe2749cb	common_voice_en_40926346.mp3	ef2e6120bdf0447820bc635e90010bef63aeb270c77536c5103b593def27b23b	Several commentators have drawn a comparison with Jean Sibelius.		2	0	twenties		United States English		en	
cce69cb31174d70a2529f0c594e66d78868a1ef0fb5f451cb4e477dcb61d49b7f193f65e5a8c2a2635ec92add001b053835be1d1a9dad7e74b4c8f58fe2749cb	common_voice_en_40926372.mp3	ef1dee39b20162dca3740c7fcefedb3b16bc229612a3eafcd135f541a542e778	Don't you ever come here?		2	0	twenties		United States English		en	
cce69cb31174d70a2529f0c594e66d78868a1ef0fb5f451cb4e477dcb61d49b7f193f65e5a8c2a2635ec92add001b053835be1d1a9dad7e74b4c8f58fe2749cb	common_voice_en_40926383.mp3	eefcf71d055724d2bb6ae3dd67690a0b39976b1434af61f6616cd7e6ea2bb793	The "Sing Tao" also maintains the news website singtao dot com.		4	0	twenties		United States English		en	
4e239c6c4a49b956737084020e867a56b4967ae7aef03142234fb996e598d4718eec9efac9b71d5972de99a868572ea969678b3467c23fa06a3b11f1cdb2e402	common_voice_en_41029584.mp3	f0382eec5f89ee9ba6498d803eb15316f6d2cb5177412e1329d65d8f540bd9f9	She currently resides in Toronto, Ontario, Canada.		2	0	sixties		United States English		en	
4e239c6c4a49b956737084020e867a56b4967ae7aef03142234fb996e598d4718eec9efac9b71d5972de99a868572ea969678b3467c23fa06a3b11f1cdb2e402	common_voice_en_41029617.mp3	f037ec19d9a6d6cabbffd624aad7fe00388a2499463951845ac79b643e1282b2	This project did not go into production either.		2	0	sixties		United States English		en	
4e239c6c4a49b956737084020e867a56b4967ae7aef03142234fb996e598d4718eec9efac9b71d5972de99a868572ea969678b3467c23fa06a3b11f1cdb2e402	common_voice_en_41029620.mp3	f00762400ed6720ce4d632a72f9d09f03a36bdc98524e2fbc967be0cee84ae49	"Pituriaspida" is often translated as "hallucinogenic shield.		2	0	sixties		United States English		en	
4e239c6c4a49b956737084020e867a56b4967ae7aef03142234fb996e598d4718eec9efac9b71d5972de99a868572ea969678b3467c23fa06a3b11f1cdb2e402	common_voice_en_41029636.mp3	f03bcb2196853af19c920aad0ba14fbd3fce143d31ae95801aea779320ce983b	Most services continue as Gold Coast line services.		2	0	sixties		United States English		en	
4e239c6c4a49b956737084020e867a56b4967ae7aef03142234fb996e598d4718eec9efac9b71d5972de99a868572ea969678b3467c23fa06a3b11f1cdb2e402	common_voice_en_41029728.mp3	f0262d340273c774601a84d0fc64ae5ef5c81af177a1fcbcf0338d1dce24790d	Practical day-to-day executive operations were placed in the hands of Secretary Erving Winslow.		2	0	sixties		United States English		en	
c1a71237085b022f2c0dea2bd668bfbc7e9ee74c8be807b622c2137450199300cb44839d0f54e5962ef3797bbd28b064852b9c2ebb75b23230f2009e3f7c2a71	common_voice_en_40865671.mp3	ee7da1708836ebba82af55cab52e7c03e59b3d664afd309d6050abd4ea0ff55d	For trademark reasons this has been published as the "Gutenberg Encyclopedia".		5	0	fourties	female_feminine	United States English,Midwestern,Low,Demure		en	
c1a71237085b022f2c0dea2bd668bfbc7e9ee74c8be807b622c2137450199300cb44839d0f54e5962ef3797bbd28b064852b9c2ebb75b23230f2009e3f7c2a71	common_voice_en_40865673.mp3	ee5815cd7cba78d257a9787b22195f17080584a095e08188b85edf9a27c6668a	An open system has one or several walls that allow transfer of matter.		5	0	fourties	female_feminine	United States English,Midwestern,Low,Demure		en	
c1a71237085b022f2c0dea2bd668bfbc7e9ee74c8be807b622c2137450199300cb44839d0f54e5962ef3797bbd28b064852b9c2ebb75b23230f2009e3f7c2a71	common_voice_en_40877519.mp3	ee916818b3537018ed713338eac4a378dbe702148daf4338ed516a8c8155258e	The names were displayed in a different font.		5	0	fourties	female_feminine	United States English,Midwestern,Low,Demure		en	
c1a71237085b022f2c0dea2bd668bfbc7e9ee74c8be807b622c2137450199300cb44839d0f54e5962ef3797bbd28b064852b9c2ebb75b23230f2009e3f7c2a71	common_voice_en_40896789.mp3	eebdab1e471689cf6f1da87b410d542d9b3f580bb02b4674e623b3f8c69cfe58	He had previously been chief of police for Paris.		5	0	fourties	female_feminine	United States English,Midwestern,Low,Demure		en	
c1a71237085b022f2c0dea2bd668bfbc7e9ee74c8be807b622c2137450199300cb44839d0f54e5962ef3797bbd28b064852b9c2ebb75b23230f2009e3f7c2a71	common_voice_en_40896791.mp3	eeb25b15b19ac164a5bc301e42b1e7db8a556a409bf0b48a69ab39e98ea2f4e0	The models use a transverse front-wheel drive engine configuration and feature four-wheel independent suspension.		5	0	fourties	female_feminine	United States English,Midwestern,Low,Demure		en	
9430e5e18fd4eaabcbe041177c7860fa75aec9407d276e1da3afeffdf5c6579394cccf13e03156186482479b3d166b82acb9e3b64aea47ef0b83c06e64628d2f	common_voice_en_40867353.mp3	ee7edd700010fe78d85b1d92d84c05fd38c7c4f1b76a28effde32ef382448420	The definite article, you might say.		2	0	thirties	male_masculine	United States English		en	
9430e5e18fd4eaabcbe041177c7860fa75aec9407d276e1da3afeffdf5c6579394cccf13e03156186482479b3d166b82acb9e3b64aea47ef0b83c06e64628d2f	common_voice_en_40867368.mp3	ee731874c2b075f71ec1b378ce589f985e4899c4c5673a17de10985a20331b42	In the spring quarter, first-year students complete Federal Litigation and enroll in advanced electives.		2	0	thirties	male_masculine	United States English		en	
9430e5e18fd4eaabcbe041177c7860fa75aec9407d276e1da3afeffdf5c6579394cccf13e03156186482479b3d166b82acb9e3b64aea47ef0b83c06e64628d2f	common_voice_en_40867372.mp3	ee86206a40f1d2f2087853b9f486757d6867b7436b63edd258e898a5c0757cb9	Did our first parents continue in the estate wherein they were created?		2	0	thirties	male_masculine	United States English		en	
9430e5e18fd4eaabcbe041177c7860fa75aec9407d276e1da3afeffdf5c6579394cccf13e03156186482479b3d166b82acb9e3b64aea47ef0b83c06e64628d2f	common_voice_en_40878652.mp3	ee9b66e15658c969a3a380f34e3e36f305a38ee32ba899272c3d0417d67770fe	He played the position of flanker.		2	0	thirties	male_masculine	United States English		en	
9430e5e18fd4eaabcbe041177c7860fa75aec9407d276e1da3afeffdf5c6579394cccf13e03156186482479b3d166b82acb9e3b64aea47ef0b83c06e64628d2f	common_voice_en_40906357.mp3	eec22eedf2a7e29e506930aa726863591090fc3f8aa7971bdafbbe0ce6a54d2b	Maximum number of employees and maximum revenue it generates.		2	0	thirties	male_masculine	United States English		en	
9430e5e18fd4eaabcbe041177c7860fa75aec9407d276e1da3afeffdf5c6579394cccf13e03156186482479b3d166b82acb9e3b64aea47ef0b83c06e64628d2f	common_voice_en_40906358.mp3	eea56dc742700653168b8334eaaf432e3d67ffb42d8f85e90b279767697b9a26	He was accustomed to bolt his food.		2	0	thirties	male_masculine	United States English		en	
9430e5e18fd4eaabcbe041177c7860fa75aec9407d276e1da3afeffdf5c6579394cccf13e03156186482479b3d166b82acb9e3b64aea47ef0b83c06e64628d2f	common_voice_en_40906360.mp3	eec7d8a2f0bb304dadaf1fdf407dd2fc31cf515676dc9253b7074c0820ccd20f	One of its rectors was Andrew Bobola.		2	0	thirties	male_masculine	United States English		en	
6fb7fe81a15e5e14ea771b047a81a786203287eabe7d4f2d616a2f51d329704516c327d7a30c761d38016d708da9365466cab653ea6d02ab16c47def9936f1ef	common_voice_en_40902515.mp3	eead50e3ff1299c3732537cc71eb3d6d0cf87c5a39a4b0783725edf63fa3fb68	These conditions would have encouraged more than one epidemic disease during the outbreak.		2	0			United States English		en	
6fb7fe81a15e5e14ea771b047a81a786203287eabe7d4f2d616a2f51d329704516c327d7a30c761d38016d708da9365466cab653ea6d02ab16c47def9936f1ef	common_voice_en_40902613.mp3	eec007ac9684390f1e68cad4ef16a2f5f5c604933d79da7ad9162a9da5be3797	A male passenger in their car was killed along with the driver.		2	0			United States English		en	
6fb7fe81a15e5e14ea771b047a81a786203287eabe7d4f2d616a2f51d329704516c327d7a30c761d38016d708da9365466cab653ea6d02ab16c47def9936f1ef	common_voice_en_40953282.mp3	ef709c917665b5829b7b0f8420c90583a1766fdbaab8c827f87426f2c6b553c2	The curve shows three maxima and minima during each cycle.		2	0			United States English		en	
6fb7fe81a15e5e14ea771b047a81a786203287eabe7d4f2d616a2f51d329704516c327d7a30c761d38016d708da9365466cab653ea6d02ab16c47def9936f1ef	common_voice_en_40953294.mp3	ef8d3d2ffff72c535138104470c643c30e37ec5d03a1f69d66ea9abd60a3341a	He was born in Boston, Massachusetts.		2	0			United States English		en	
6fb7fe81a15e5e14ea771b047a81a786203287eabe7d4f2d616a2f51d329704516c327d7a30c761d38016d708da9365466cab653ea6d02ab16c47def9936f1ef	common_voice_en_40953324.mp3	ef7ff091e9dc0725187ec74253ff618fed311bf10edb707e4118aa924e4c8676	Sidewalks, supported by concrete brackets, overhang the face of the arch.		2	0			United States English		en	
6fb7fe81a15e5e14ea771b047a81a786203287eabe7d4f2d616a2f51d329704516c327d7a30c761d38016d708da9365466cab653ea6d02ab16c47def9936f1ef	common_voice_en_40960880.mp3	ef8eefeecb9950c621b7e800d30f5c8b6aeffc301f9d198d652e586afb63e4ad	Tesla found that these lamps could be used as powerful sources of ionizing radiation.		2	0			United States English		en	
6fb7fe81a15e5e14ea771b047a81a786203287eabe7d4f2d616a2f51d329704516c327d7a30c761d38016d708da9365466cab653ea6d02ab16c47def9936f1ef	common_voice_en_40960881.mp3	efa1cddc7d5e9e6c6673b052376d371d7469ec42386ea1cd4066f611a73b0538	Both the blue and white jerseys featured red side panels.		2	0			United States English		en	
6fb7fe81a15e5e14ea771b047a81a786203287eabe7d4f2d616a2f51d329704516c327d7a30c761d38016d708da9365466cab653ea6d02ab16c47def9936f1ef	common_voice_en_40974071.mp3	efc48c03ef7b0d19dd44bed3f40f7b3a97b851ee66d4490e85c14c96ba341c53	Previously Gulf Shores was in the Baldwin County School District.		2	0			United States English		en	
e8e299ceb26b0e13b890a83f6e2aa8c464520fe1271a4ab4f4e853f296d4c70c50f829f7bd0eae70d82b1f9b93f432c70682122db4fb7427c802ff11ceba0fd5	common_voice_en_40867840.mp3	ee7376bac0af61eeef5756853407fc403ae79046ac17707f72863047500ffa28	But she also informs him of her poems and prose writings.		2	0	thirties		United States English		en	
e8e299ceb26b0e13b890a83f6e2aa8c464520fe1271a4ab4f4e853f296d4c70c50f829f7bd0eae70d82b1f9b93f432c70682122db4fb7427c802ff11ceba0fd5	common_voice_en_40867859.mp3	ee5ecb93b358e0614d3e12f388fe42c5d41dbc181f7dd4bb2cbe76b0073f8144	Simultaneously, the numbers wishing to study English at the college were increasing.		2	0	thirties		United States English		en	
e8e299ceb26b0e13b890a83f6e2aa8c464520fe1271a4ab4f4e853f296d4c70c50f829f7bd0eae70d82b1f9b93f432c70682122db4fb7427c802ff11ceba0fd5	common_voice_en_40867876.mp3	ee7c2a2a0b3a8d64477627830ae146f2990fde80465478adc824edc6fa827691	The top is heavily decorated with silver, crystals, pearls and other precious stones.		2	0	thirties		United States English		en	
e8e299ceb26b0e13b890a83f6e2aa8c464520fe1271a4ab4f4e853f296d4c70c50f829f7bd0eae70d82b1f9b93f432c70682122db4fb7427c802ff11ceba0fd5	common_voice_en_40867878.mp3	ee7fc13b4f56d1f6e5920acf17ba1e73a0ecaa0b45a9580d6464cba863d6f0b1	Its elements surrendered to the Soviets at the end of the war.		2	0	thirties		United States English		en	
e8e299ceb26b0e13b890a83f6e2aa8c464520fe1271a4ab4f4e853f296d4c70c50f829f7bd0eae70d82b1f9b93f432c70682122db4fb7427c802ff11ceba0fd5	common_voice_en_40867880.mp3	ee7c92cd0c2ae93c32d17423f0298809897f7a5f51fd862f4c5ba9ca787b1cc1	Although the previous science museum was free to enter, Thinktank charges an entrance fee.		2	0	thirties		United States English		en	
e8e299ceb26b0e13b890a83f6e2aa8c464520fe1271a4ab4f4e853f296d4c70c50f829f7bd0eae70d82b1f9b93f432c70682122db4fb7427c802ff11ceba0fd5	common_voice_en_40867883.mp3	ee86a6d0086d52291dd2a1462a5402d3b24aad00a595801fe38f6cc48814ae5a	Later when Starr was in the hospital after heart surgery, Richardson sent him flowers.		2	0	thirties		United States English		en	
e8e299ceb26b0e13b890a83f6e2aa8c464520fe1271a4ab4f4e853f296d4c70c50f829f7bd0eae70d82b1f9b93f432c70682122db4fb7427c802ff11ceba0fd5	common_voice_en_40867909.mp3	ee779e144898107606fdba6a9b7ffb9bb63bccbc8d00ced927b4f93f0ffeebb8	She took her dog to the park on a sunny day to play fetch.	general,nature_environment	2	0	thirties		United States English		en	
e8e299ceb26b0e13b890a83f6e2aa8c464520fe1271a4ab4f4e853f296d4c70c50f829f7bd0eae70d82b1f9b93f432c70682122db4fb7427c802ff11ceba0fd5	common_voice_en_40867970.mp3	ee648ba1a9e6cfea615ca943208ac733a966444ec19185364bdfc01931f01803	They sold rolling chassis, near-complete from the instrument panel forward.		2	0	thirties		United States English		en	
64682a2154ab6c1f1179cca7deb92457947174c2f45db0f3f30acfac052f98ac1ef71f780a721c76f86e958b35cae92296cb7bf0c2414ea73342a00a48854942	common_voice_en_41113587.mp3	f0d427e19f9b26f321364edf74677bb64e87b77b54cf687e408d04973b049106	He also wrote for the Toronto-based "Now" magazine.		2	0	twenties	female_feminine	United States English		en	
64682a2154ab6c1f1179cca7deb92457947174c2f45db0f3f30acfac052f98ac1ef71f780a721c76f86e958b35cae92296cb7bf0c2414ea73342a00a48854942	common_voice_en_41113745.mp3	f0d6ccf016207fbded976a02711c477a3753c9f2164ed1d361605228cae036fe	Reddish bristles upon the legs and lower surface.		2	0	twenties	female_feminine	United States English		en	
64682a2154ab6c1f1179cca7deb92457947174c2f45db0f3f30acfac052f98ac1ef71f780a721c76f86e958b35cae92296cb7bf0c2414ea73342a00a48854942	common_voice_en_41113800.mp3	f0e513c050678eb904d72e47978f7a86b34253fc4f724a183549fe2062497b90	Crenshaw made this original demo playing Mosrite guitars.		2	0	twenties	female_feminine	United States English		en	
64682a2154ab6c1f1179cca7deb92457947174c2f45db0f3f30acfac052f98ac1ef71f780a721c76f86e958b35cae92296cb7bf0c2414ea73342a00a48854942	common_voice_en_41113884.mp3	f0a514137116a91d6f46b1ff4c2529115d4d030c566920f2dbffa49925aaccc1	Avathara Pathi is located half-a-mile south to the Murugan Temple, at the sea-shore.		2	0	twenties	female_feminine	United States English		en	
64682a2154ab6c1f1179cca7deb92457947174c2f45db0f3f30acfac052f98ac1ef71f780a721c76f86e958b35cae92296cb7bf0c2414ea73342a00a48854942	common_voice_en_41113888.mp3	f0c37c28e0761e07163b8c9893ed039c789de7f4feba64e92985e5408d411fa4	As the popularity of bridging loans increased, so too did the controversy around them.		2	0	twenties	female_feminine	United States English		en	
64682a2154ab6c1f1179cca7deb92457947174c2f45db0f3f30acfac052f98ac1ef71f780a721c76f86e958b35cae92296cb7bf0c2414ea73342a00a48854942	common_voice_en_41113951.mp3	f0e82c202cc17fab7e86b72352e0ed7b4113b981f48253d118ae0b880a81c884	The interior of the asteroid probably has a rubble-pile structure.		2	0	twenties	female_feminine	United States English		en	
64682a2154ab6c1f1179cca7deb92457947174c2f45db0f3f30acfac052f98ac1ef71f780a721c76f86e958b35cae92296cb7bf0c2414ea73342a00a48854942	common_voice_en_41113992.mp3	f0ecf48df92e46bfbfbc3e28f059282ba8e97ce988ef6caffc7ff22a1d4f2ace	I have a doctorate, it's not the same thing.		2	0	twenties	female_feminine	United States English		en	
64682a2154ab6c1f1179cca7deb92457947174c2f45db0f3f30acfac052f98ac1ef71f780a721c76f86e958b35cae92296cb7bf0c2414ea73342a00a48854942	common_voice_en_41113998.mp3	f0e7f0a9988bf3f9418941992a78fe1ae469ceb18ad1875fb95656be5d64be0b	He liked "Music Box Dancer" and added it to his station's playlist.		2	0	twenties	female_feminine	United States English		en	
64682a2154ab6c1f1179cca7deb92457947174c2f45db0f3f30acfac052f98ac1ef71f780a721c76f86e958b35cae92296cb7bf0c2414ea73342a00a48854942	common_voice_en_41114061.mp3	f0e371fe4858a8aa895ad051bb878523f3ff5a44dd6d23b9f49f762e4cc2e4b3	It is possible that Stephano is based on Stephen Hopkins.		2	0	twenties	female_feminine	United States English		en	
64682a2154ab6c1f1179cca7deb92457947174c2f45db0f3f30acfac052f98ac1ef71f780a721c76f86e958b35cae92296cb7bf0c2414ea73342a00a48854942	common_voice_en_41114066.mp3	f0da0ca40ed7fa51e524f4f1aef3c3516c506df63953394ff9a08a7843ea4175	The National Theatre of Bahrain lies next to the museum.		2	0	twenties	female_feminine	United States English		en	
64682a2154ab6c1f1179cca7deb92457947174c2f45db0f3f30acfac052f98ac1ef71f780a721c76f86e958b35cae92296cb7bf0c2414ea73342a00a48854942	common_voice_en_41118674.mp3	f0f4a3700c9a630321b7cc89f8c9265f2e827d09eaa801ed1e2c47a8d8de219c	He was a university student in both cities and studied German literature and musicology.		2	0	twenties	female_feminine	United States English		en	
64682a2154ab6c1f1179cca7deb92457947174c2f45db0f3f30acfac052f98ac1ef71f780a721c76f86e958b35cae92296cb7bf0c2414ea73342a00a48854942	common_voice_en_41118787.mp3	f0fa688d7972cb4a821e0257c3f82d9d4222afca984263e18a84f366f9a5ceb5	The underlying rocks were coal measures.		2	0	twenties	female_feminine	United States English		en	
64682a2154ab6c1f1179cca7deb92457947174c2f45db0f3f30acfac052f98ac1ef71f780a721c76f86e958b35cae92296cb7bf0c2414ea73342a00a48854942	common_voice_en_41118799.mp3	f0efd44500e78f9c366774755842e2be556aa83ced5022a3001fa4f80cea8f2c	Placer County services the area.		2	0	twenties	female_feminine	United States English		en	
64682a2154ab6c1f1179cca7deb92457947174c2f45db0f3f30acfac052f98ac1ef71f780a721c76f86e958b35cae92296cb7bf0c2414ea73342a00a48854942	common_voice_en_41119070.mp3	f0f82cc9d3dbb721440e03dd3a6902963c20ab938101f837b9e36cc33abf381c	Eventually, the place was renamed Magalang.		2	0	twenties	female_feminine	United States English		en	
64682a2154ab6c1f1179cca7deb92457947174c2f45db0f3f30acfac052f98ac1ef71f780a721c76f86e958b35cae92296cb7bf0c2414ea73342a00a48854942	common_voice_en_41119110.mp3	f10557b62531b546808cb7c886c89249fc3db9191f0679ae9e66609be17b53ab	It was one of aggression and aggrandisement.		2	0	twenties	female_feminine	United States English		en	
60420cbff86f4f0a421e0f797a5b263ed86e12b0d504f47f0f2cfafd2728b30364575c58f6194feb4c777221e426723c9c70b52f267c0d52ae64bcd61d3ee9cf	common_voice_en_40949516.mp3	ef78192181a9850953ac9b5b500d40dbbac81ab075cc1194596887cb937f892c	We didn't care about the color of your skin.		2	0	thirties	male_masculine	Croatian English		en	
60420cbff86f4f0a421e0f797a5b263ed86e12b0d504f47f0f2cfafd2728b30364575c58f6194feb4c777221e426723c9c70b52f267c0d52ae64bcd61d3ee9cf	common_voice_en_40949520.mp3	ef75124c4fac43313c996314bb60bfe24cf64033cb1039f1d39f0482cc547711	It is the only Brazilian Air Force Base located in the Northern Hemisphere.		2	0	thirties	male_masculine	Croatian English		en	
60420cbff86f4f0a421e0f797a5b263ed86e12b0d504f47f0f2cfafd2728b30364575c58f6194feb4c777221e426723c9c70b52f267c0d52ae64bcd61d3ee9cf	common_voice_en_40949550.mp3	ef809b1a41567ffee173a4028a457c826ef728f69121a680d980ff3cbe44241e	Tail events are defined in terms of infinite sequences of random variables.		2	0	thirties	male_masculine	Croatian English		en	
60420cbff86f4f0a421e0f797a5b263ed86e12b0d504f47f0f2cfafd2728b30364575c58f6194feb4c777221e426723c9c70b52f267c0d52ae64bcd61d3ee9cf	common_voice_en_40949583.mp3	ef7d9f2a174930e2be01fe9b85522012239558cd9a91ba30d1918e7b7b4b4fbd	The attack was successful and sent the British back to reform.		2	0	thirties	male_masculine	Croatian English		en	
60420cbff86f4f0a421e0f797a5b263ed86e12b0d504f47f0f2cfafd2728b30364575c58f6194feb4c777221e426723c9c70b52f267c0d52ae64bcd61d3ee9cf	common_voice_en_40949614.mp3	ef858ad3df54338991f99e4791b4fa67180905d80409451175e2dac4305b3b3e	The landslides almost completely blocked the roads.		2	0	thirties	male_masculine	Croatian English		en	
60420cbff86f4f0a421e0f797a5b263ed86e12b0d504f47f0f2cfafd2728b30364575c58f6194feb4c777221e426723c9c70b52f267c0d52ae64bcd61d3ee9cf	common_voice_en_40950224.mp3	ef6feeb027ff72b533868a1964c01855f7ebcdda670bc2aee6e87a5d9e1921c4	Under torture she revealed many names of key members of the underground network.		2	0	thirties	male_masculine	Croatian English		en	
60420cbff86f4f0a421e0f797a5b263ed86e12b0d504f47f0f2cfafd2728b30364575c58f6194feb4c777221e426723c9c70b52f267c0d52ae64bcd61d3ee9cf	common_voice_en_40950241.mp3	ef6f12778b20f26bb53a87c6ab284ea58feddc88b8f215bb4152ea28d5bdc332	Her father is of Spanish and Lebanese descent and her mother, Spanish.		2	0	thirties	male_masculine	Croatian English		en	
60420cbff86f4f0a421e0f797a5b263ed86e12b0d504f47f0f2cfafd2728b30364575c58f6194feb4c777221e426723c9c70b52f267c0d52ae64bcd61d3ee9cf	common_voice_en_40950286.mp3	ef7bc0e7965ff461e26a6737f44557bcf24fcc7474a0d6892f24b53bb9a5f51d	He was the youngest member of the Scotland squad at the finals.		2	0	thirties	male_masculine	Croatian English		en	
60420cbff86f4f0a421e0f797a5b263ed86e12b0d504f47f0f2cfafd2728b30364575c58f6194feb4c777221e426723c9c70b52f267c0d52ae64bcd61d3ee9cf	common_voice_en_40950287.mp3	ef8340212a82bed810171866fd2e483eb71e575c52325de9a2b06180b5a06657	His time in Esbjerg has been blighted by injuries.		2	0	thirties	male_masculine	Croatian English		en	
60420cbff86f4f0a421e0f797a5b263ed86e12b0d504f47f0f2cfafd2728b30364575c58f6194feb4c777221e426723c9c70b52f267c0d52ae64bcd61d3ee9cf	common_voice_en_40950400.mp3	ef860c1007663073a7ddc8606f180ff1be6b548d7e7aa824279a5a33cfac2f44	It is native to Europe and western Asia.		2	0	thirties	male_masculine	Croatian English		en	
60420cbff86f4f0a421e0f797a5b263ed86e12b0d504f47f0f2cfafd2728b30364575c58f6194feb4c777221e426723c9c70b52f267c0d52ae64bcd61d3ee9cf	common_voice_en_40950404.mp3	ef7597226e37d691e4a03a5c4b59468f6795beff8d697eb8a405cbe73d07900e	Twenty-three of the class had further armament reductions for anti-submarine escort of trade convoys.		2	0	thirties	male_masculine	Croatian English		en	
60420cbff86f4f0a421e0f797a5b263ed86e12b0d504f47f0f2cfafd2728b30364575c58f6194feb4c777221e426723c9c70b52f267c0d52ae64bcd61d3ee9cf	common_voice_en_40950434.mp3	ef5e76a79a2df2eca546a9af5cbb02be6bd1448ed9ac97678bdf5450cf4107b7	A modacrylic has properties that are similar to an acrylic.		2	0	thirties	male_masculine	Croatian English		en	
60420cbff86f4f0a421e0f797a5b263ed86e12b0d504f47f0f2cfafd2728b30364575c58f6194feb4c777221e426723c9c70b52f267c0d52ae64bcd61d3ee9cf	common_voice_en_40958500.mp3	ef911f30b2f7503d02773657b505aa2c0f901de8a6cf2f8f34d959871c9e40f0	Many conclude that Jules will not live past twenty.		2	0	thirties	male_masculine	Croatian English		en	
60420cbff86f4f0a421e0f797a5b263ed86e12b0d504f47f0f2cfafd2728b30364575c58f6194feb4c777221e426723c9c70b52f267c0d52ae64bcd61d3ee9cf	common_voice_en_40958509.mp3	ef9943822eba5bcef6d9599a8e3c8cd1a15ca857370aa5d68e42d89f31d78c15	Scott took a special interest in mentoring aspiring railroad employees, such as Andrew Carnegie.		2	0	thirties	male_masculine	Croatian English		en	
60420cbff86f4f0a421e0f797a5b263ed86e12b0d504f47f0f2cfafd2728b30364575c58f6194feb4c777221e426723c9c70b52f267c0d52ae64bcd61d3ee9cf	common_voice_en_40958537.mp3	ef74993d0b6aa01a04ca9555f5e5114ea51e1bb92249d06917a8368aebc0cb51	Friendly matches are not included.		2	0	thirties	male_masculine	Croatian English		en	
60420cbff86f4f0a421e0f797a5b263ed86e12b0d504f47f0f2cfafd2728b30364575c58f6194feb4c777221e426723c9c70b52f267c0d52ae64bcd61d3ee9cf	common_voice_en_40958538.mp3	ef989ae94d0b519184ef8b3a1299b8bce851d24d24e7c4e595e6eff3779d3630	This step is called deprotection.		2	0	thirties	male_masculine	Croatian English		en	
60420cbff86f4f0a421e0f797a5b263ed86e12b0d504f47f0f2cfafd2728b30364575c58f6194feb4c777221e426723c9c70b52f267c0d52ae64bcd61d3ee9cf	common_voice_en_40958552.mp3	ef9a6c082e6c2b3d98c1ae21205846895ece8fec908cf3997c2c808699db1a55	Beijing published the secret demands and appealed to Washington and London.		2	0	thirties	male_masculine	Croatian English		en	
60420cbff86f4f0a421e0f797a5b263ed86e12b0d504f47f0f2cfafd2728b30364575c58f6194feb4c777221e426723c9c70b52f267c0d52ae64bcd61d3ee9cf	common_voice_en_40958584.mp3	ef9852efcae39e6b0da37fc422ddcae7b337e81cd607c570b4cb8f6c51079aff	The term is generally used to refer to anticholinergic drugs.		2	0	thirties	male_masculine	Croatian English		en	
60420cbff86f4f0a421e0f797a5b263ed86e12b0d504f47f0f2cfafd2728b30364575c58f6194feb4c777221e426723c9c70b52f267c0d52ae64bcd61d3ee9cf	common_voice_en_40958613.mp3	ef9dd3f57247b63c77d524bae5b8fa23609a324484586be3fa3157860d2baaa7	The range also has semi-automatic bomb and rocket scoring systems.		2	0	thirties	male_masculine	Croatian English		en	
60420cbff86f4f0a421e0f797a5b263ed86e12b0d504f47f0f2cfafd2728b30364575c58f6194feb4c777221e426723c9c70b52f267c0d52ae64bcd61d3ee9cf	common_voice_en_40958633.mp3	ef8cafeafcba934b0a3196852c5a8427cb52dab44b5932263d69ca579cee16b1	Kurdikar performed in that era when women singers were not treated with much respect.		2	0	thirties	male_masculine	Croatian English		en	
b87dd0680063cbd3dc57f5b9b20c14f020f511c3f18467d52e816db909dbe2be05b8ea36a4bca91179503817a1b093a9e6036abb514c6ad1aaf1ffa71b3d32ce	common_voice_en_40882518.mp3	ee9b750a4e08de54ce5742ba8bbeaf8209a10a9f5cc8829ca283fb445b270e85	The district had its origins in the Ware Rural Sanitary District.		2	0	thirties	male_masculine	Canadian English		en	
b87dd0680063cbd3dc57f5b9b20c14f020f511c3f18467d52e816db909dbe2be05b8ea36a4bca91179503817a1b093a9e6036abb514c6ad1aaf1ffa71b3d32ce	common_voice_en_40903624.mp3	eec76b5d373cada19063f29ab4d9ee73988d6fef4ec7e59db6f5e9e68623dfe1	Yet fortune would soon turn on the Grey household.		2	0	thirties	male_masculine	Canadian English		en	
b87dd0680063cbd3dc57f5b9b20c14f020f511c3f18467d52e816db909dbe2be05b8ea36a4bca91179503817a1b093a9e6036abb514c6ad1aaf1ffa71b3d32ce	common_voice_en_40903655.mp3	eec10bab785aa378caa2cfe5feb123a00a372b98bf527c09a5a65ae2731f55db	He was an enigmatic figure for most of his career.		2	0	thirties	male_masculine	Canadian English		en	
b87dd0680063cbd3dc57f5b9b20c14f020f511c3f18467d52e816db909dbe2be05b8ea36a4bca91179503817a1b093a9e6036abb514c6ad1aaf1ffa71b3d32ce	common_voice_en_40923835.mp3	eee3001d454b935f22a8efa974b84b128e1dfbea29e3e00e52e3947e5a5a4b2f	Eyes are small.		2	0	thirties	male_masculine	Canadian English		en	
b87dd0680063cbd3dc57f5b9b20c14f020f511c3f18467d52e816db909dbe2be05b8ea36a4bca91179503817a1b093a9e6036abb514c6ad1aaf1ffa71b3d32ce	common_voice_en_40924027.mp3	ef1bd2150466b7242c84ec70ae390b37267e4fb859a201a867ec7b98d8019bd6	Lloyd was born in Glasgow, Scotland.		2	0	thirties	male_masculine	Canadian English		en	
b87dd0680063cbd3dc57f5b9b20c14f020f511c3f18467d52e816db909dbe2be05b8ea36a4bca91179503817a1b093a9e6036abb514c6ad1aaf1ffa71b3d32ce	common_voice_en_40924050.mp3	ef05111fd4f6bf116d2ce3013d891953eb52f745c8bd12c17fdc265c980ce23d	It is sometimes incorrectly referred to as Mount Tuggeranong due to its prominence.		2	0	thirties	male_masculine	Canadian English		en	
b87dd0680063cbd3dc57f5b9b20c14f020f511c3f18467d52e816db909dbe2be05b8ea36a4bca91179503817a1b093a9e6036abb514c6ad1aaf1ffa71b3d32ce	common_voice_en_40926632.mp3	ef36fc1dec9a68c3176eaad6373cedeb57e9af326ee716f79656f3d9c46b86a1	In addition, each military branch has its own Staff Office.		2	0	thirties	male_masculine	Canadian English		en	
b87dd0680063cbd3dc57f5b9b20c14f020f511c3f18467d52e816db909dbe2be05b8ea36a4bca91179503817a1b093a9e6036abb514c6ad1aaf1ffa71b3d32ce	common_voice_en_40933792.mp3	ef3c2e6e0edaa4ff5d8b9b1503e87a9e2c78ea60d3b401475a801829aea9cfe0	The head and neck are near-naked.		2	0	thirties	male_masculine	Canadian English		en	
b87dd0680063cbd3dc57f5b9b20c14f020f511c3f18467d52e816db909dbe2be05b8ea36a4bca91179503817a1b093a9e6036abb514c6ad1aaf1ffa71b3d32ce	common_voice_en_40933896.mp3	ef465484caac6bfc1e321397ed485b5e1ac7aa4b465557c0129cf6947d3dfb2b	Several years ago, Krueger and his family were the victims of a stalker.		2	0	thirties	male_masculine	Canadian English		en	
b87dd0680063cbd3dc57f5b9b20c14f020f511c3f18467d52e816db909dbe2be05b8ea36a4bca91179503817a1b093a9e6036abb514c6ad1aaf1ffa71b3d32ce	common_voice_en_40942731.mp3	ef6872cbcfc5833038d5404bc84950ccd0ab7be35207d80abd9775e717aca75d	It was just his third start in the West Series.		2	0	thirties	male_masculine	Canadian English		en	
b87dd0680063cbd3dc57f5b9b20c14f020f511c3f18467d52e816db909dbe2be05b8ea36a4bca91179503817a1b093a9e6036abb514c6ad1aaf1ffa71b3d32ce	common_voice_en_40942748.mp3	ef650459784df33a328bbe1117bc2149f0b51de9a4ef4c1ec405bdeeebbc32ca	The East Campus was designed in the brutalist style by Walter Netsch.		2	0	thirties	male_masculine	Canadian English		en	
b87dd0680063cbd3dc57f5b9b20c14f020f511c3f18467d52e816db909dbe2be05b8ea36a4bca91179503817a1b093a9e6036abb514c6ad1aaf1ffa71b3d32ce	common_voice_en_40942762.mp3	ef3d358005e9db921290972a02358b4a1800451525f7599a8e3c3d1ad5a63691	The point is to get involved.		2	0	thirties	male_masculine	Canadian English		en	
b87dd0680063cbd3dc57f5b9b20c14f020f511c3f18467d52e816db909dbe2be05b8ea36a4bca91179503817a1b093a9e6036abb514c6ad1aaf1ffa71b3d32ce	common_voice_en_40948620.mp3	ef71f4a1eda1da1ede1541bfaba61f92ca4fe540b5ca187f621fb740ec7c8368	The nonlinear optical chromophores produce Pockel's effect.		2	0	thirties	male_masculine	Canadian English		en	
b87dd0680063cbd3dc57f5b9b20c14f020f511c3f18467d52e816db909dbe2be05b8ea36a4bca91179503817a1b093a9e6036abb514c6ad1aaf1ffa71b3d32ce	common_voice_en_40948643.mp3	ef70ed0e43c0ffa6667b77d605c1fef0ab5eaea2d524fc06a24809af60349db9	All of this was accompanied by a song, written by Joe Griffiths.		2	0	thirties	male_masculine	Canadian English		en	
b87dd0680063cbd3dc57f5b9b20c14f020f511c3f18467d52e816db909dbe2be05b8ea36a4bca91179503817a1b093a9e6036abb514c6ad1aaf1ffa71b3d32ce	common_voice_en_40949496.mp3	ef7b002501912f6336ca0ada067a510bb759aca5cb25322749757c3c81618bda	Like most towns, Creedmoor has a variety of media.		2	0	thirties	male_masculine	Canadian English		en	
b87dd0680063cbd3dc57f5b9b20c14f020f511c3f18467d52e816db909dbe2be05b8ea36a4bca91179503817a1b093a9e6036abb514c6ad1aaf1ffa71b3d32ce	common_voice_en_40949499.mp3	ef7ecb5b490c49c5021a780492ee40ddbb0e1c5a5333a8380ae36ef1d45806ed	On publication, the volume deceived even the most expert of scholars.		2	0	thirties	male_masculine	Canadian English		en	
b87dd0680063cbd3dc57f5b9b20c14f020f511c3f18467d52e816db909dbe2be05b8ea36a4bca91179503817a1b093a9e6036abb514c6ad1aaf1ffa71b3d32ce	common_voice_en_40957131.mp3	ef9bbe04cfa8b669aa7896b93f0502227fcb038f700c40edd286c0713ed8b1fb	List posits that group agents are able to have consciousness as awareness.		2	0	thirties	male_masculine	Canadian English		en	
b87dd0680063cbd3dc57f5b9b20c14f020f511c3f18467d52e816db909dbe2be05b8ea36a4bca91179503817a1b093a9e6036abb514c6ad1aaf1ffa71b3d32ce	common_voice_en_40957145.mp3	ef9727d28a8ca5e8398e4120aa5cb3e890c3c62b5bae5dd952173d718ff3b6e5	Later Anu goes to secret house and is shocked on seeing the situation there.		2	0	thirties	male_masculine	Canadian English		en	
b87dd0680063cbd3dc57f5b9b20c14f020f511c3f18467d52e816db909dbe2be05b8ea36a4bca91179503817a1b093a9e6036abb514c6ad1aaf1ffa71b3d32ce	common_voice_en_40967232.mp3	efbc7a6949f42e5a6159e6c424a929a6d004e6c6a3266fa9e6bdcd884283d17b	There are twenty grisaille miniatures within wide, decorated borders.		2	0	thirties	male_masculine	Canadian English		en	
b87dd0680063cbd3dc57f5b9b20c14f020f511c3f18467d52e816db909dbe2be05b8ea36a4bca91179503817a1b093a9e6036abb514c6ad1aaf1ffa71b3d32ce	common_voice_en_40967236.mp3	efba87312129d01faea92ea7b57c06b4985c07e77533e69b80fd6ab0d43cf00d	The opening attracted many celebrities, such as the Duke of Windsor.		2	0	thirties	male_masculine	Canadian English		en	
b87dd0680063cbd3dc57f5b9b20c14f020f511c3f18467d52e816db909dbe2be05b8ea36a4bca91179503817a1b093a9e6036abb514c6ad1aaf1ffa71b3d32ce	common_voice_en_40967285.mp3	efacb8e9df15513ddb224c9c9305940b51971449cc7015717d69dae7b3bf287b	Wisdom pioneered the study of chaos in the solar system.		2	0	thirties	male_masculine	Canadian English		en	
b87dd0680063cbd3dc57f5b9b20c14f020f511c3f18467d52e816db909dbe2be05b8ea36a4bca91179503817a1b093a9e6036abb514c6ad1aaf1ffa71b3d32ce	common_voice_en_40988119.mp3	eff5d64b9299ccb2597880d720d33a82bd9f45dec18f7a4379b45f9deba552ea	Therefore, it is dependent upon the drain to source voltage.		2	0	thirties	male_masculine	Canadian English		en	
b87dd0680063cbd3dc57f5b9b20c14f020f511c3f18467d52e816db909dbe2be05b8ea36a4bca91179503817a1b093a9e6036abb514c6ad1aaf1ffa71b3d32ce	common_voice_en_41059494.mp3	f067f66a49aa9d7b75ec2350c22c5745cf0262aedce227936869f2a3b87c2b33	See the table on the right for several examples.		2	0	thirties	male_masculine	Canadian English		en	
b87dd0680063cbd3dc57f5b9b20c14f020f511c3f18467d52e816db909dbe2be05b8ea36a4bca91179503817a1b093a9e6036abb514c6ad1aaf1ffa71b3d32ce	common_voice_en_41074161.mp3	f05aecaaeff0ca1b0c6357ce3950b58f3387145c282bbeb34df6e748e8949446	It is an outlying suburb of Whanganui.		2	0	thirties	male_masculine	Canadian English		en	
b87dd0680063cbd3dc57f5b9b20c14f020f511c3f18467d52e816db909dbe2be05b8ea36a4bca91179503817a1b093a9e6036abb514c6ad1aaf1ffa71b3d32ce	common_voice_en_41074178.mp3	f087001ddd717fde2ce5208e2bfe0a95ed2036ce9b136f4012227fd6bce9a837	The ghetto walls are torn down, and Mayer's dream is realized.		2	0	thirties	male_masculine	Canadian English		en	
b87dd0680063cbd3dc57f5b9b20c14f020f511c3f18467d52e816db909dbe2be05b8ea36a4bca91179503817a1b093a9e6036abb514c6ad1aaf1ffa71b3d32ce	common_voice_en_41084300.mp3	f0a10ffbff313c7da9d284df6642bddf3c7441078be650a7c385642a8eb4a2f0	His mother is also an avid low-handicap golfer.		2	0	thirties	male_masculine	Canadian English		en	
b87dd0680063cbd3dc57f5b9b20c14f020f511c3f18467d52e816db909dbe2be05b8ea36a4bca91179503817a1b093a9e6036abb514c6ad1aaf1ffa71b3d32ce	common_voice_en_41098431.mp3	f0b0a347cb01e385c8ae441fbf48998ebcf129fe2ae9dcdd30c113d0f0d7a39f	There are no convincing explanations about the origins of the words "ofenya" and "fenya".		2	0	thirties	male_masculine	Canadian English		en	
b87dd0680063cbd3dc57f5b9b20c14f020f511c3f18467d52e816db909dbe2be05b8ea36a4bca91179503817a1b093a9e6036abb514c6ad1aaf1ffa71b3d32ce	common_voice_en_41098440.mp3	f0c4ebc08923f5bfec42864a89e74eeadffb3bd623307bd80a54eb3f29172a5c	Although trousers are authorized, women frequently wear the appropriate color skirt.		2	0	thirties	male_masculine	Canadian English		en	
